ATOM,METHOD,ENERGY(Hartree)
C,MP2,-37.701223624009
C,CCSD,-37.714813753200
H,MP2,-0.498232910728
H,CCSD,-0.49823291072826
O,MP2,-74.830063398046
O,CCSD,-74.838166478027
N,MP2,-54.411778500489
N,CCSD,-54.418866942248
F,MP2,-99.440096864662
F,CCSD,-99.445997097716
